‘a,2
a,608
a’,1
abate,1
abatements,1
abhorred,1
abide,1
able,1
aboard,3
abominably,1
about,26
above,4
abridgement,1
abroad,1
absent,1
absolute,2
abstinence,1
abstracts,1
absurd,2
abus’d,1
abuse,1
abuses,1
accent,2
accept,1
accepted,2
accepting,1
accepts,1
access,11
accessed,1
accessible,1
accident,3
accidental,1
accidents,1
accord,1
accordance,2
according,2
account,1
accounted,1
accurst,1
accuse,1
ache,1
achievements,1
acquaint,1
acquire,1
acquittance,1
acres,1
across,1
act,24
acted,1
acting,1
action,10
actions,2
active,2
actively,1
actor,3
actors,2
acts,2
actual,1
acursing,1
adam,1
adam’s,1
adders,1
addicted,1
addition,4
additional,4
additions,1
address,3
addresses,1
adheres,1
‘adieu,1
adieu,7
adjoin’d,1
admirable,1
admiration,3
admit,2
admittance,1
adoption,1
adown,1
adowna’,1
adulterate,1
advanc’d,1
advancement,2
advances,1
advancing,1
advantage,1
adventurous,1
advice,3
advise,1
aeneas’,1
afar,1
afeard,1
affair,3
affairs,1
affectation,1
affection,4
affections,1
afflict,1
affliction,2
afflicts,1
affrighted,1
affront,1
afoot,1
afraid,1
after,14
afternoon,1
afterwards,1
again,32
against,24
again—what,1
age,9
agent,1
ago,1
agree,9
agreed,1
agreeing,1
agreement,18
ah,3
aid,1
aim,1
aim’d,1
air,12
airs,1
airy,1
ak,1
alack,3
alarm,1
alas,11
alaska,1
alexander,5
all,137
all—,1
allegiance,1
alleys,1
allow,2
allowance,2
allow’d,1
allowed,1
all’s,2
almost,11
‘alone’,1
alone,10
along,3
aloof,2
already,7
also,3
alteration,1
alternate,1
altitude,1
altogether,1
always,1
am,55
amaking,1
amaz’d,1
amaze,1
amazement,2
ambassador,1
ambassadors,3
amber,1
ambiguous,1
ambition,6
ambitious,2
amble,1
amen,1
amiss,2
amities,1
among,1
an,55
anchor’s,1
ancient,1
‘and,1
and,1049
and’t,1
angel,4
angels,3
anger,1
angle,1
angry,1
animals,1
ankle,1
annexment,1
annual,1
anoint,1
anon,6
another,20
another’s,1
answer,14
answer’d,1
answerest,1
antic,1
anticipation,1
antique,2
antiquity,1
any,49
anyone,4
anything,7
anywhere,1
apart,2
ape,2
apiece,1
apoplex’d,1
appal,1
apparel,1
apparition,2
appear,4
appear’d,3
appearing,1
appears,4
appetite,1
applaud,1
appliance,1
applicable,3
apply,1
appointment,1
apprehension,2
approach,1
approve,2
appurtenance,1
apt,2
aptly,1
archive,13
ardour,1
are,152
argal,3
argues,1
argument,4
aright,1
arise,1
arm,5
arm’d,2
armed,3
armour,3
arms,9
army,1
aroused,1
arraign,1
arrant,2
arras,5
array,1
arrest—o,1
arrests,1
arriv’d,1
arrow,1
arrows,2
art,17
artery,1
article,2
articles,1
artless,1
as,230
ascii,2
‘as’es,1
ashamed,1
aside,11
asis,1
ask,2
asked,1
asking,2
aslant,1
asleep,2
aspect,1
ass,3
ass—,1
assail,1
assault,1
assay,2
assay’d,1
assays,1
assigns,2
assistance,1
assistant,2
associated,8
assume,3
assurance,2
assur’d,2
assure,1
asunder,1
at,98
attached,1
attend,1
attendant,1
attendants,8
attended,2
attends,1
attent,1
attractive,1
attribute,1
audience,5
audit,1
aught,9
aught—,1
augury,1
auntmother,1
auspicious,1
author,2
authorities,1
available,2
avoid,3
avouch,1
awake,2
away,26
away—go,1
awayyou,1
awe,2
awhile,10
awork,1
awry,1
axe,2
ay,37
aye,1
ayry,1
b,3
b’,4
babe,1
baby,2
back,8
backed,1
backward,1
bad,6
bade,1
bait,1
bak’d,2
baker’s,1
ban,1
bands,1
bank,1
baptista,1
bar,1
barbary,2
barber’s,1
bare,1
barefac’d,1
barefoot,1
bark,1
bark’d,1
barnardo,30
barr’d,1
barren,1
base,5
based,2
baseness,1
baser,2
basket,2
bastard,1
bat,2
bated,1
battalions,1
batten,1
battery,1
battlements,1
bawd,1
bawdry,1
bawds,1
bawdy,1
be,239
be’,1
beam,1
bean,1
bear,14
beard,5
beard—prythee,1
beards,1
bearers,2
bearing,1
bears,2
bear’t,1
beast,5
beast—,1
beasts,2
beaten,1
beating,3
beats,1
beauteous,1
beautied,1
beauties,1
‘beautified’,1
beautified,1
beauty,6
beaver,1
became,1
because,2
beck,1
beckons,3
becomes,3
bed,11
bedded,1
bedrid,1
beds,1
been,28
beerbarrel,1
beetles,1
befall’n,1
befitted,1
before,25
beg,7
beget,1
beggar,3
beggar’d,1
beggars,1
beggars’,1
begin,5
beginning,1
begins,2
beguile,2
begun,4
behav’d,1
behaviour,2
behind,9
behold,1
behove,1
behoves,1
being,12
belief,1
believe,19
believed,1
belike,2
bell,2
bellow,1
bellowed,1
bells,1
belov’d,1
below,6
bend,3
bended,1
beneath,4
benefit,1
benetted,1
bent,2
bent—i,1
berattle,1
beseech,7
beseech’d,1
beshrew,1
besides,1
besmirch,1
bespeak,1
best,11
bestial,1
bestow,4
bestow’d,1
bestowed,1
bet,1
beteem,1
bethought,1
betime,1
betimes,1
betoken,1
better,14
better’d,1
better—their,1
between,15
bevy,1
beware,2
bewept,1
beyond,2
bias,1
bid,6
bier,1
bilboes,1
binary,1
bird,2
birds,1
birth,4
bisson,1
bites,1
bitter,3
black,8
blackest,1
blame,3
blank,2
blanket,1
blanks,1
blast,2
blasted,2
blasting,1
blastments,1
blasts,1
blaze,1
blazes,1
blazon,1
bleed,2
bleeding,1
blench,1
bles’d,2
bless,3
blessing,5
blister,1
bloat,1
blood,19
bloodily,1
bloody,7
blossoms,1
blow,3
blown,2
blows,2
blue,1
blunted,1
blurs,1
blush,2
board,1
boarded,1
bodes,1
bodies,6
bodikin,1
bodiless,1
bodkin,1
body,17
boist’rous,1
bold,3
bonds,1
bones,4
bonnet,1
bonny,1
book,2
books,1
bore,4
born,2
borne,3
born—he,1
borrow’d,1
borrower,1
borrowing,1
bosom,4
botch,1
both,30
boughs,1
bought,1
bound,7
bounded,1
bounds,1
bounteous,1
bounty,1
bourn,1
bout,1
bouts,1
bow,3
bowl,1
box,2
boy,3
boys,1
brain,6
brainish,1
brains,5
branches,1
brands,1
brave,3
bravery,1
bray,1
braz’d,1
brazen,1
breach,3
bread,1
breadth,1
break,8
breaking,2
breaks,2
breast,1
breath,9
breathe,4
breathes,1
breathing,2
breed,2
breeder,1
breeding,1
brevity,1
bridebed,1
brief,5
bring,12
bringing,1
brings,1
broad,2
broke,2
broken,1
brokers,1
brooch,1
brood,1
brook,2
brothel,1
brother,9
brother’s,7
brothers,2
brought,6
brow,4
brows,1
bruit,1
brute,1
brutus,1
bubbles,1
budge,1
buffets,1
bugs,1
build,1
builds,2
built,1
bulk,2
bulwark,1
bunghole,1
burden,1
burial,4
burial—,1
buried,6
burn,2
burning,2
burns,2
burnt,1
burst,3
business,12
busy,1
but,273
but’,1
button,1
buttons,1
buy,1
buyer,1
buys,1
buzz,2
buzzers,1
by,142
by’r,2
by—they,1
c,10
cabin,1
caesar,2
cain’s,1
calamity,1
calculate,1
calculated,1
calendar,1
calf,1
calfskins,1
call,22
call’d,1
called,1
calls,4
call’t,1
calm,2
calmly,1
calumnious,1
calumny,1
calves,1
came,9
camel,2
can,44
candied,1
canker,2
cannon,5
cannoneer,1
cannons,1
cannot,33
canon,1
canoniz’d,1
canopy,1
canst,3
cap,2
capability,1
capable,1
capable—do,1
capàpie,1
capital,2
capitol,1
capons,1
caps,1
captain,10
captains,1
carbuncles,1
card,3
carefully,1
careless,1
carnal,1
carouses,1
carp,1
carpenter,2
carriage,1
carriages,5
carried,1
carries,1
carrion—,1
carry,4
carrying,1
cart,1
carters,1
carve,1
case,1
cases,1
cast,6
castle,30
casual,1
cat,1
cataplasm,1
catch,2
caught,2
cause,19
cautel,1
caution—i,1
caviare,1
cease,3
celebrated,1
celestial,2
cell,1
cellarage,1
censure,4
centre,1
cerements,1
ceremony,3
certain,7
certainty,1
chalice,1
challenger,1
chamber,4
chamberlain,1
chameleon’s,1
chance,2
chances,2
change,5
changed,1
changeling,1
changes,1
chanson,1
chapel,2
chapless,1
character,2
charge,14
charges,1
chariest,1
charitable,3
charities,1
charity,1
charm,1
chase,1
chaste,3
chaunted,1
check,3
checking,1
checks,1
cheek,2
cheer,3
cheerfully,2
cherub,1
chide,1
chief,4
chiefest,1
chiefly,1
child,2
children,3
choice,6
choler,2
‘choose,1
choose,5
chopfallen,1
chopine,1
chorus,1
chough,1
christian,6
christians,1
chronicles,1
church,2
churches,1
churchyard,2
churchyards,1
churlish,1
cicatrice,1
circumscrib’d,1
circumstance,6
circumstances,1
circumvent,1
city,3
clad,1
claim,2
clamb’ring,1
clamour,1
clapped,1
claudio,1
claudius,3
claw’d,1
clay,3
clear,1
clearly,2
cleave,1
cleft,1
clemency,1
clepe,1
cliff,1
climatures,1
cloak,1
close,3
closely,1
‘closes,2
closes,2
closet,3
clothe,1
clothes,2
cloud,1
clouds,4
clout,1
clouts,1
clown,47
clowns,3
clutch,1
coach,1
coagulate,1
cock,6
cockle,1
codes,1
coil,1
coinage,1
cold,6
coldly,2
collateral,1
colleagued,1
collected,2
collection,6
colour,5
columbines,1
combat,1
combated,1
combination,1
combined,1
come,106
comedy,2
comes,24
comfort,1
coming,7
comingled,1
comma,1
command,10
commanded,1
commandment,4
commands,1
commencement,1
commend,4
commendable,1
commended,1
comment,1
commerce,1
commercial,1
commission,5
committed,1
common,7
commune,1
commutual,1
compact,1
companies,1
companions,1
company,1
compare,1
compass,1
compell’d,1
compelled,1
competent,1
compilation,1
complete,1
complexion,3
compliance,5
comply,8
complying,3
compos’d,1
compost,1
compound,1
compounded,1
compressed,1
compulsatory,1
compulsive,1
computer,2
computers,2
comrade,1
com’st,2
conceal’d,1
conceit,5
conceited,1
conceive,1
concept,2
conception,1
concernancy,1
concerning,2
concernings,1
concluded,1
conclusions,1
condolement,1
confederate,1
conference,1
confess,6
confession,3
confin’d,1
confine,2
confines,1
confirmation,1
confirmed,1
confound,2
confront,1
confusion,1
congregation,1
conjectures,1
conjoin’d,1
conjunctive,1
conjuration,1
conjure,1
conjures,1
conjuring,1
conqueror,1
conquest,1
conscience,8
consent,4
consequence,2
consequence’,2
consequential,1
consider,2
considerable,2
consider’d,1
considered,1
consonancy,1
constant,2
constantly,1
consummation,1
contact,4
contagion,2
contagious,1
contain,2
containing,2
contend,1
content,3
contents,2
continent,2
continual,1
contract,2
contracted,1
contraction,1
contrary,1
contributions,2
contrive,2
contriving,1
controversy,1
contumely,1
convenience,1
conveniently,1
conversation,1
converse,1
convert,3
converted,1
convey,1
conveyance,1
conveyances,1
convocation,1
convoy,1
cool,1
cop’d,1
copied,3
copies,7
copy,11
copying,4
copyright,19
core,1
cornelius,7
corner,1
coronation,1
coronet,1
corporation,1
corpse,1
corrupt,1
corrupted,1
corruption,3
corse,3
corses,1
cost,4
costly,1
costs,2
coted,1
couch,2
couched,1
could,33
counsel,3
counsellor,1
count,3
countenance,5
counter,1
counterfeit,1
countries,2
country,6
countrymen,1
country’s,1
couple,1
couplets,1
course,6
courses,1
court,6
courteous,1
courtesy,1
courtier,9
courtier’s,1
courtiers,1
cousin,4
cov’nant,1
coward,1
coward—i,1
cowards,1
cozenage—is’t,1
cozen’d,1
crab,1
crack,1
cracked,1
cracks,1
craft,2
crafts,1
crafty,1
crash,1
craven,1
craves,1
crawling,1
created,2
creating,4
creation,2
creature,2
creatures,3
credent,1
credit,1
creep,1
crescent,1
crew,2
crib,1
cried,3
cries,5
crimeful,1
crimes,3
critical,1
croaking,1
crocodile,1
crook,1
cross,1
crowflowers,1
crowing,1
crown,6
crowner,1
crowner’s,1
crowns,1
crows,1
cruel,2
crust,1
cry,5
cuckold,1
cudgel,1
cue,1
cuffs,1
cunning,4
cunnings—,1
cup,4
cups,1
curb,2
curd,1
cure,1
curiously,1
curls,1
current,1
currents,2
curse,1
cursed,4
custom,9
customary,1
cut,2
cutpurse,1
cyclops’,1
d,1
dagger,1
daggers,2
daily,1
daintier,1
daisies,1
daisy,1
dalliance,1
dally,1
dallying,1
damage,2
damaged,1
damages,4
damn,1
damnable,1
damnation,1
damn’d,5
damned,6
damon,1
dane,6
danes,4
danger,4
danger—,1
dangerous,5
danish,6
danskers,1
dar’d,1
dare,6
dark,1
darkest,1
dar’st,1
data,1
date,2
daughter,15
daughter—have,1
daughters,1
dawning,1
day,21
days,10
dead,31
dead—nay,1
deal,1
dealt,1
dear,28
dearest,2
dearly,2
dearth,1
death,37
deathbed,1
deaths,1
debate,1
debatement,1
debt,1
decayer,1
deceived,2
deck’d,1
declension,1
decline,1
declines,1
declining,1
deductible,1
deed,11
deeds,1
deep,4
deeply,1
deer,1
defeat,2
defeated,1
defeats,1
defect,5
defective,4
defects,1
defence,2
defend,3
define,1
definement,1
defy,1
deject,1
dejected,1
delay,2
delays,1
deletions,1
deliberate,1
delicate,2
delight,3
delights,3
deliver,2
deliver’d,1
delivered,1
delve,1
delver—,1
demand,3
demanded,1
demands,2
deminatur’d,1
demonstrated,1
denied,1
denies,1
denmark,25
denmark’s,3
denote,1
deny,2
depart,1
departed,1
depend,1
depends,2
depriv’d,1
deprive,1
derivative,3
derive,1
derived,1
described,1
desert,2
deserve,1
deserved,1
design’d,1
desire,7
desires,4
desirous,1
desk,1
desperate,6
desperation,2
despite,2
destroy,4
detach,1
detecting,1
determination,1
determine,2
device,1
devices,1
devil,8
devis’d,1
devise,1
devotion’s,1
devoutly,1
dew,3
dews,1
dexterity,1
diadem,2
diameter,1
dianne,1
dicers’,1
diction,1
did,66
dido,1
didst,4
die,5
die—as,1
died,4
dies,8
diest,1
diet,2
die—to,1
difference,2
differences,1
different,2
dig,2
digested,1
digg’d,1
dignity,2
digs,1
dilated,1
dild,1
diligence,1
dip,1
dipping,1
dire,1
direct,5
directions,1
directly,3
director,1
dirge,1
dirt,2
dirty,1
disappointed,1
disasters,1
disclaim,1
disclaimer,3
disclaimers,1
disclaiming,1
disclos’d,2
disclose,1
discomfort,1
discontinue,1
discord,1
discourse,6
discover,1
discovered,1
discovery,1
discretion,4
disease,1
diseased,1
diseases,1
dish,1
dishes,1
dishonour,2
disjoint,1
disk,1
dislike,1
dismal,2
dismantled,1
dismay,1
dispatch,2
dispatch’d,1
display,1
displayed,1
displaying,4
disposition,5
dispriz’d,1
distance,1
distant,1
distemper,3
distempered,1
distill’d,1
distilment,1
distinguish,1
distract,1
distracted,3
distraction,2
distress,1
distribute,6
distributed,4
distributing,7
distribution,6
distributor,1
distrust,2
ditchers,1
divide,2
divided,1
divine,1
divinity,2
divulging,1
dizzy,1
do,166
doctor,1
document,1
does,27
does—what,1
dog,2
dogs,1
doing,1
dole,1
domain,2
dominions,1
donate,3
donation,1
donations,15
done,21
done—must,1
donn’d,1
donors,1
doom,1
doom’d,1
doomsday,3
door,6
doors,3
dost,14
do’t,9
dotes,1
doth,27
do—that,1
double,6
doublet,1
doubt,11
doubtful,2
doubts,1
douts,1
dove,2
‘down,1
down,28
downgyved,1
downloading,1
dowry,1
dozen,3
dr,1
drab,1
drabbing,1
dragg’d,1
dragging,1
drains,1
dram,1
dramatis,1
draughts,1
draw,9
draws,4
dread,5
dreaded,1
dreadful,3
dreadfully,1
dream,5
dream—ay,1
dreams,3
dreamt,1
dressed,1
drift,4
drink,15
drinking,1
drinks,2
drive,2
driven,1
drives,1
drooping,1
drop,1
dropping,1
droppings,1
drossy,1
drown,5
drown’d,5
drowned,2
drowns,1
drugs,1
drum,1
drunk,1
drunkards,1
dry,3
ducat,1
ducats,3
due,1
dug,1
duke’s,1
dull,6
duller,1
dulls,1
dumb,6
dungeons,1
dupp’d,1
dust,7
duties,1
duty,13
dwelling,1
dye,1
dying,1
e,22
each,12
eager,2
ear,17
earnest,1
ears,10
earth,20
earthly,1
ease,4
easier,1
easily,2
easiness,2
easing,1
east,1
eastward,1
easy,3
eat,5
eaten,1
eats,2
ebook,7
ebooks,7
eclipse,1
ecstacy,1
ecstasy,4
edge,3
edified,1
edition,1
editions,4
educational,1
e’en,12
e’er,1
effect,6
effects,2
effort,2
efforts,3
eggshell,1
eight,1
ein,1
eisel,1
either,7
elder,1
eldest,1
elect,1
election,1
electronic,27
electronically,2
element,1
eleven,1
eloquent,1
else,17
else—be,1
elsinore,11
’em,2
email,3
embark’d,1
embrace,2
embracing,1
emperor,1
emphasis,1
empire,2
employ,1
employee,1
employees,2
employment,2
empty,1
emulate,1
enact,2
enactures,1
encompassment,1
encounter,3
encounter’d,1
encumber’d,1
end,19
endeavour,1
ended,1
ending,1
ends,2
endure,1
enemies,2
enemy,3
engag’d,1
enginer,1
england,20
england’s,1
english,2
enlarg’d,1
enmity,1
enough,7
enquire,1
enseamed,1
ensuring,1
enter,68
enterprise,2
enterprises,1
enters,1
entertainment,4
entity,3
entrance,1
entreat,3
entreated,1
entreatments,1
entreaty,2
envenom,1
envenom’d,2
envious,1
enviously,1
envy,2
epitaph,2
equal,2
equipment,3
equivocation,1
ere,12
err,1
erring,1
errors,2
eruption,1
escape,2
escoted,1
especial,1
especially,3
espials,1
essentially,1
estate,3
esteem’d,1
estimation,1
et,1
eternal,2
eterne,1
eternity,1
etext,1
even,25
event,1
events,1
ever,13
everlasting,1
evermore,1
everpreserved,1
every,7
everyone,1
everything,2
evidence,1
evil,4
exact,1
exactly,1
examples,1
exceed,1
exceedingly,1
excellence,3
excellent,10
except,6
exception,1
exchange,2
excitements,1
exclaim,1
exclusion,1
excrements,1
excuse—ho,1
executive,1
exempt,2
exercise,2
exercises,1
exeunt,35
exhort,1
exists,1
exit,38
exits,1
expel,1
expend,2
expense,2
expenses,2
explanation,2
exploit,1
exporting,1
exposing,1
expostulate,1
express,3
express’d,1
extant,1
extent,2
extinct,1
extolment,1
extorted,1
extremity,2
eyases,1
eye,15
eyelids,1
eyes,23
f,11
face,11
faces,2
facility,1
faction,1
faculties,2
faded,1
fadoms,1
fail,1
fail’d,1
fain,4
fair,21
fairbanks,2
fairly,1
fairy,1
faith,17
faithful,3
falconers,1
fall,9
falling,2
fall’n,2
falls,9
false,6
falsehood,1
falsely,1
fame,2
familiar,1
famous,1
fancy,3
fang’d—,1
fanned,1
fantastic,1
fantastically,1
fantasy,3
far,11
fardels,1
fare,6
fares,2
farewell,17
farm,2
fashion,8
fast,5
fat,6
fate,2
fates,2
father,51
father—methinks,1
father’s,18
fathers,2
fatness,1
fatted,1
fault,5
faults,3
favour,4
favourite,1
favours,2
fawning,1
fay,1
fear,20
fear’d,1
fearful,1
fearing,1
fears,2
fearsurprised,1
feast,3
feather,1
feathers,1
feats,1
feature,2
fed,2
federal,2
fee,11
feed,6
feeds,1
feel,1
feeling,3
feelingly,1
feels,1
fees,4
feet,2
felicity,1
fell,9
fellies,1
fellow,8
fellow’s,1
fellows,3
fellowship,2
fellowstudent,1
fellow—whose,1
female,1
fencing,1
fennel,1
fertile,1
fetch,2
fetters,1
few,4
fiction,1
fie,6
field,1
fiends,1
fierce,1
fiery,3
fifty,1
fight,3
fighting,2
figure,5
file,2
files,2
filial,1
fill,1
film,1
financial,1
find,17
finding,2
finds,3
find’st,1
fine,10
fines,2
finger,2
finger’d,1
fingers,4
fire,12
fires,1
firm,1
firmament,1
first,63
fish,2
fishmonger,2
fit,12
fitness,2
fits,2
fitted,1
fitting,1
five,3
fix,1
fix’d,3
flagon,1
flame,2
flames,2
flaming,2
flash,1
flashes,1
flat,3
flats,1
flatter,1
flatter’d,1
flattering,1
flaw,1
flaxen,1
flesh,5
flies,1
flights,1
flints,1
flood,1
flourish,5
flourishes,1
flowers,4
flush,1
flushing,1
fly,5
foe,2
foh,1
foil,2
foils,6
folded,1
folk,1
follow,22
follow’d,1
followed,2
following,5
follows,4
folly,1
fond,1
food,2
fool,7
foolery,1
foolish,3
fools,2
foot,3
‘for,1
for,272
forbear,1
forbid,2
forc’d,2
force,3
forces,1
forcing,1
fordo,1
fordoes,1
’fore,1
forehead,2
foreign,1
foreknowing,1
foresaid,1
forest,1
forestall,1
forestalled,1
forfeit,1
forg’d,1
forged,1
forgeries,1
forgery,1
forget,4
forgetting,1
forgive,2
forgiveness,1
forgone,1
forgot,4
forgot’,1
forgotten,1
form,17
formal,1
format,4
formats,2
former,2
forms,3
for’s,2
for’t,2
forth,15
forthwith,1
fortified,1
fortinbras,21
forts,1
fortune,11
fortune’s,5
fortunes,2
forty,3
forward,2
fought,1
foul,11
foul’d,1
found,8
foundation,22
foundations,3
four,5
fox,1
frame,4
france,5
francisco,11
frankly,2
free,16
freefooted,1
freely,8
freeze,1
french,5
frenchman,1
fret,1
fretful,1
fretted,1
‘friend,1
‘friend’,1
friend,12
friending,1
friends,20
friendship,1
frighted,1
frock,1
from,111
front,1
frontier,1
frost,1
frown’d,1
frowningly,1
fruit,2
fruitful,1
fruits,1
fulfill’d,1
full,24
function,1
functions,1
funeral,3
furnish,1
further,13
fust,1
future,3
gaged,1
gain,2
gaingiving,1
’gainst,5
gait,2
gall,2
gallant,1
gall’d,1
galled,1
gallows,3
gallowsmaker,1
galls,2
gambol,1
gambols,1
gaming,3
gape,1
garb,1
garbage,1
garden,1
gardeners,1
garland,1
garlands,1
garments,1
garrison’d,1
gates,1
gather,3
gaudy,1
gave,8
gave’t,1
gbnewbypglaforg,1
gem,1
gender,1
general,10
generations,2
generous,3
gentle,5
‘gentleman’,1
‘gentleman’—,1
gentleman,18
gentlemen,12
gentlewoman,1
gently,1
gentry,2
german,1
gertrude,13
gertrude—,1
gestures,1
get,9
gets,1
ghost,32
ghost’s,1
giantlike—,1
gib,1
gibber,1
gibes,1
gifts,4
gifts—,1
gilded,1
’gins,1
girdle,1
girl,1
gis,1
give,62
given,11
givers,1
gives,8
giving,3
glad,4
glares,1
glass,2
glassy,1
glean,1
gleaned,1
glimpses,1
globe,1
glow,1
glowworm,1
go,70
goals,1
goblin,1
goblins,1
god,31
godamercy,1
godlike,1
god’s,3
gods,3
goes,13
goes—mark,1
going,2
gold,1
golden,3
gone,14
gonzago,3
gonzago’s,1
‘good,2
good,105
goodly,3
goodman,1
goodness,2
goodnight,1
goosequills,1
gore,1
gorge,1
got,2
govern,2
grace,14
graces,2
gracious,5
grained,1
grand,1
grandsire,1
grant,1
granted,1
grapple,2
grappling,1
grass,2
gratefully,1
grating,1
gratis,1
grave,12
gravediggers,1
gravemaker,1
gravemaker’,1
gravemakers,1
gravemaking,1
graveness,1
grave’s,1
graves,2
great,26
greatly,1
greatness,1
greeks,1
green,3
greenly,1
greet,1
greeted,1
greeting,1
greetings,1
gregory,1
grew,1
grey,1
grief,14
griefs,1
griev’d,1
grieve,2
grieves,1
grinding,1
grinning,1
grizzled,1
groan,1
groaning,1
groans,1
grop’d,1
gross,4
grosser,1
grossly,1
ground,10
groundlings,1
grounds,1
group,1
grow,8
growing,1
grown,4
grows,4
grows—the,1
grunt,1
guard,3
guarded,1
guards,1
guest,2
guildenstern,66
guilt,3
guiltless,1
guilty,6
gules,1
gulf,1
gum,1
gutenberg,28
gutenbergtm,56
gutenbergtms,1
guts,2
gyves,1
ha,8
ha’,3
habit,4
habits,1
had,44
hadst,3
hail,1
hair,1
hairs,1
half,5
halfpenny,1
hall,6
hallow’d,1
halt,1
hamlet,461
hamlet’,3
hamlet’s,12
hammers,1
hams,1
hand,20
hands,12
handsaw,1
handsome,1
hang,4
hangers,3
hap,1
haply,3
happen,1
happily,2
happiness,1
happy,3
haps,1
harbingers,1
hard,5
hardy,1
hark,1
harlot,1
harlot’s,1
harmless,1
harmony,1
harping,1
harrow,1
harrows,1
harsh,2
harshly,1
hart,2
has,16
hast,16
haste,13
hasten,1
hasty,1
ha’t,2
hat,2
hatch,1
hatchment,1
hate,1
hath,64
haunt,1
have,186
have’t,1
having,2
haviour,1
havoc,1
hawk,1
hazard,1
he,219
head,26
heads,2
headshake,1
health,6
healthful,1
he—and,1
hear,34
heard,14
hearer,1
hearers,2
hearing,5
hears,3
hearsed,1
heart,29
heartache,1
heartily,3
heart’s,1
hearts,2
heat,4
heathen,1
heaven,43
heavenkissing,1
heavenly,2
heaven’s,1
heavens,8
heaves,1
heavily,1
heavy,6
heavyheaded,1
hebenon,1
hecate’s,1
hectic,1
hecuba,4
hedge,1
heed,2
heedful,1
heel,2
heels,3
height,1
heir,1
held,2
he’ll,1
hell,10
hellish,1
help,15
helpful,1
helps,1
hems,1
hence,4
hent,1
her,91
herald,1
heraldry,2
herb,1
hercules,3
here,53
hereafter,1
here—gracious,1
herein,4
here’s,8
herod,1
heroes,1
herself,6
he’s,10
hey,2
heyday,1
hic,1
hid,2
hide,5
hideous,2
hies,1
‘high,1
high,3
higher,1
highest,1
highly—not,1
highness,1
hill,3
hillo,1
hilts,1
him,195
him’—do,1
himself,21
hinges,1
hire,1
his,297
historicalpastoral,1
history,2
hit,6
hither,8
hitherto,2
hits,3
ho,13
hoary,1
hobbyhorse,2
hoist,1
hold,28
holder,4
holding,1
holds,5
hold’st,1
hole,1
holla,1
hollow,1
holy,2
homage,1
home,6
honest,11
honesty,5
honey,1
honeying,1
honour,10
honourable,3
honour’d,4
honoured,1
honour’s,1
honours,1
hoodmanblind,1
hoops,1
hop’d,1
hope,9
hopes,1
‘horatio,1
horatio,154
horatio—,1
horrible,4
horrid,2
horridly,2
horrors,1
horse,3
horseback,1
horses,2
host,1
hot,6
hour,8
hourly,1
hours,2
house,7
house’s,1
houses,1
hover,1
how,93
howe’er,1
however,1
howling,1
howsoever,1
httpwwwgutenbergorg,1
hue,1
huge,1
huggermugger,1
hum,1
humanity,1
humble,1
humbly,5
humorous,1
humour,1
hundred,2
hundreds,1
hung,1
hunts,1
hurt,2
hurts,1
husband,8
husbandry,1
husband’s,2
husbands—begin,1
hush,1
hymen,1
hyperion,1
hyperion’s,1
hypertext,1
hypocrite,1
hypocrites,1
hyrcanian,1
‘i,3
i,545
i’,22
ice,2
i’d,1
identification,1
identify,1
idle,3
idol,1
‘if,1
if,134
if’t,3
ignorance,3
ignorant,2
ignorant—,1
ii,12
iii,8
ilium,1
i’ll,57
ill,6
illbreeding,1
illo,1
ills,1
illusion,1
i’m,1
image,4
imagination,4
imaginations,1
imagine—,1
imitated,1
immediate,4
immediately,1
imminent,2
immortal,1
impart,4
impartment,1
impasted,1
impatient,1
imperfections,1
imperious,1
impetuous,1
impious,1
implements,1
implied,2
implorators,1
imponed,2
important,2
importing,3
imports,4
importunate,1
importun’d,1
importunity,1
imposed,1
impotence,1
impotent,1
impress,1
imputation,1
in,508
inaccurate,1
incapable,1
incens’d,1
incens’d—let,1
incensed,1
incest,1
incestuous,3
inch,1
incidental,1
inclination,2
inclin’d,1
inclining,1
include,1
included,2
includes,1
including,8
incomplete,1
incontinency,1
incorporal,1
incorps’d,1
incorrect,1
increase,1
increasing,1
indeed,31
indemnify,1
indemnity,1
indentures,1
index,1
indicate,1
indicating,1
indifferent,3
indifferently,1
indirect,1
indirections,1
indirectly,1
indiscretion,1
indite,1
individable,1
individual,4
indued,1
inexplicable,1
infallibly,1
infants,1
infect,1
infected,1
infects,1
infinite,4
influence,1
inform,2
information,9
infringement,1
infusion,1
ingenious,1
in—he,1
inheritance,1
inheritor,1
inhibition,1
inky,1
inmost,1
innocent,1
innovation,1
inoculate,1
inquiry,1
in’s,5
insert,1
insinuation,1
insolence,1
instance,1
instances,1
instant,4
instantly,1
instructs,1
instrument,2
instrumental,1
in’t,10
in’t—,1
intellectual,2
intend,1
intent,2
intents,1
inter,1
interim,1
internal,1
international,1
interpret,1
interpreted,1
in—the,1
into,32
intruding,1
inurn’d,1
invalidity,1
inventorially,1
inventors’,1
investments,1
invisible,1
invite,1
invites,1
invulnerable,1
inward,3
irs,1
is,361
is—,1
is—and,1
israel,1
issue,2
is’t,17
it,427
it—,1
italian,1
it—let,1
it’s,2
its,5
itself,24
it—you,1
iv,8
i’ve,1
jade,1
jangled,1
jaw,1
jawbone,1
jaws,1
jealousy,2
jelly,1
jephthah,3
jest,3
jester,1
jig,2
jigmaker,1
jocund,1
johnadreams,1
join,2
joint,1
jointlabourer,1
jointly,1
jointress,1
jot,2
journeymen,1
journeys,1
jove,2
jowls,1
joy,8
joyfully,1
joys,2
judge,3
judges,1
judgment,9
judgments,3
judicious,1
juggled,1
juice,1
julius,2
jump,2
just,2
justice,1
justly,3
keen,2
keep,20
keeping,2
keeps,5
kept,4
kettle,1
kettledrum,1
key,1
kibe—how,1
kick,1
kill,4
kill’d,6
killed,1
kills,2
kin,2
kind,13
kindless,1
king,194
king’,2
kingdom,5
kingly,1
king’s,8
kings,2
king—sirs,1
kiss’d,1
kisses,3
kissing,1
kites,1
knave,5
knavery,2
knaves,1
knavish,2
knee,1
kneels,2
knees,2
knew,5
knew’st,1
knife,1
knight,1
knock,1
knocked,1
knocking,1
knotted,1
know,75
know’,1
knowest,1
knowing,1
knowledge,1
known,8
knows,3
know’st,2
know’t,1
la,1
labour,2
labour’d,1
laboursome,1
lack,6
lack’d,1
lacks,1
ladies,4
lads,1
lady,14
lady’s,1
ladyship,1
‘laertes,1
laertes,104
laertes—,1
laertes’s,2
laid,6
lain,1
lake,1
lament,2
lamond,1
land,5
lands,4
lank,1
lap,2
laps’d,1
lapwing,1
larded,2
large,1
larger,1
lash,1
last,14
last—a,1
lasting,2
late,11
laugh,6
law,14
lawful,1
lawless,2
law’s,1
laws,9
lawyer,1
lay,9
laying,3
lays,1
lazarlike,1
lead,4
leads,1
lean,1
leans,1
leaping,1
leaps,2
learn,1
learning,1
least,2
leave,28
leaves,3
lecherous,1
lecture,1
led,1
left,3
legal,2
legally,1
legs,1
leisure,4
lend,4
lender,1
lends,1
length,4
lenten,1
leperous,1
less,8
lesser,1
lesson,1
lest,4
let,94
lethe,1
let’s,10
lets,3
letter,1
letters,8
level,2
levied,1
levies,2
lewdness,1
liability,3
liable,1
liar,1
liberal,3
libertine,1
liberty,5
library,1
license,15
licensed,1
lick,1
lids,1
lie,10
lief,1
liege,3
liegemen,1
lies,6
liest,3
lieu,2
life,33
liferendering,1
life’s,1
lifted,1
light,9
lighted,1
lightest,1
lightness,1
lights,4
like,80
likelihood,1
likely,2
likeness,1
likes,3
likewise,1
limbs,2
limed,1
limitation,3
limited,5
line,2
lines,3
link’d,1
linked,1
links,3
lion’s,1
lips,2
liquid,1
liquor,2
lisp,1
list,7
lists,1
literary,13
little,18
littlest,1
liv’d,1
live,15
lived,1
livery,3
lives,4
living,2
liv’st,1
llc,1
lo,3
load,1
loam,2
loan,1
loathsome,1
lobby,2
located,5
locations,2
lock,2
lock’d,2
locks,1
lodg’d,1
lodge,1
lofty,1
loggets,1
loins,1
loneliness—we,1
long,18
longed,1
longer,5
longer—married,1
look,37
look’d,3
looked,1
looking,1
looks,8
loose,3
loosed,1
‘lord,1
lord,220
lord—,1
lord’,1
lords,4
lordship,8
lose,7
loser,1
loses,1
losing,1
loss,1
lost,9
lot,2
loth,1
loud,3
loudly,1
lov’d,4
love,66
love—,1
loved,3
lover,1
loves,7
loving,3
lovingly,1
low,1
lowest,1
lucianus,3
lug,1
lunacies,1
lunacy,2
lungs,2
lust,2
luxury,1
lying,2
machine,2
mad,21
madam,12
made,29
made—,1
madness,22
maggots,2
magic,1
maid,6
maiden,2
maid’s,1
maids,1
maids’,1
mailing,1
maimed,1
main,5
mainly,1
maintaining,1
maintains,1
majestical,2
majesties,2
majesty,16
make,58
make—,1
makes,19
making,3
malefactions,1
malicious,2
mallicho,1
‘man,1
man,51
mandate,1
manner,1
manners,1
manners—that,1
man’s,5
mantle,1
many,20
mar,1
marble,1
marcellus,47
march,7
marching,1
margin,1
mark,14
marked,2
market,1
marriage,6
marriages,1
married,2
marrow,1
marry,16
mars,1
marshal,1
mars’s,1
mart,1
martial,1
marvel,1
marvellous,2
mason,2
mass,5
massy,1
masterly,1
master’s,1
masters,3
match,1
match’d,1
matin,1
matron’s,1
matter,26
matter—,1
matters,2
maximum,1
may,85
mayst,1
mazard,1
me,233
me’,2
mean,10
meaning,1
means,23
meant,4
meantime,2
meats,1
medicine,1
meditation,1
medium,5
meed,1
meet,10
meeting,2
melancholy,2
mellow,1
melodious,1
melt,2
memory,10
men,11
mend,1
men’s,3
merchantability,1
mercury,1
mercy,5
mere,3
merely,2
merit,2
mermaidlike,1
merriment,1
merry,2
mess,1
message,1
messenger,5
messengers,2
met,2
metal,1
metals,1
methinks,4
me—this,1
method,3
methods,1
methought,4
mettle,1
mew,1
michael,1
miching,1
middle,2
middleaged,1
midnight,1
might,31
might’,1
mightier,1
mightiest,1
mighty,2
milch,1
mildew’d,1
milk,1
milky,1
million,1
millions,1
mincing,1
mind,12
mind’s,2
minds,2
mine,31
mine—,1
mine—an,1
mineral,1
mines,1
mining,1
minister,1
ministers,1
minist’ring,1
minute,1
minutes,1
miraculous,1
mirror,2
mirth,2
mischance,2
mischief,1
miss,1
mission,4
mississippi,1
mistake,1
mistook,1
mistress,3
mixture,1
moan,1
‘mobled,1
mobled,2
mock,4
mockery,1
model,1
moderate,1
modesties,1
modesty,4
modification,1
modified,1
moiety,1
moist,1
mole,2
moment,2
monarchs,1
monday,1
money,5
monster,1
monsters,1
monstrous,1
month,3
month—,1
months,4
monument,1
mood,1
moods,1
moon,5
moons,1
moor,1
mope,1
more,99
moreover,1
morn,3
morning,5
morrow,1
mortal,5
mortis’d,1
most,86
mote,1
mother,39
mother’s,6
mothers,1
motion,4
motive,5
mould,1
moult,1
mount,2
mountain,3
mountains,2
mountebank,1
mourn’d,1
mourners,1
mourning,1
mouse,2
mousetrap,1
mouth,6
mouthed,1
mouths,2
mov’d,1
move,6
moves,2
moving,1
much,50
muddied,1
muddy,1
muddymettled,1
multitude,1
murder,12
murder—,1
murder’d,1
murderer,3
murdering,1
murderous,1
murders,1
music,8
must,69
musty,1
mute,1
mutes,2
mutine,1
mutinies,1
my,516
myself,10
myself—,2
mystery,1
’naked’,1
naked,1
name,12
named,1
name’s,1
napkin,1
narrow,1
nasty,1
nation,3
nations,1
native,4
natural,5
nature,27
nature’s,2
natures,1
naught,2
nave,1
nay,25
near,10
nearer,2
nearly,2
necessaries,1
necessarily,1
necessary,2
necessity,1
neck,3
need,5
needful,2
needs,7
ne’er,3
neglect,1
neglected,2
negligence,2
neighbour,1
neighbour’d,1
neither,10
nemean,1
nephew,2
nephew’s,2
neptune’s,2
nero,1
nerve,1
nettles,1
network,1
neutral,1
never,26
new,6
newborn,1
newby,1
newhatch’d,1
newly,1
news,10
newsletter,1
next,5
nickname,1
niggard,1
night,35
nighted,1
nightly,1
night’s,1
nights,3
nill,1
nine,3
niobe,1
nipping,1
no,151
nobility,1
noble,17
nobler,1
noblest,1
nods,1
noise,8
nomination,1
non,1
nonce,1
none,13
nonny,3
nonproprietary,1
nor,37
norman,2
normandy—,1
north,1
northerly,1
northnorthwest,1
norway,13
nose,2
‘not,1
not,338
note,6
noted,1
notes,1
nothing,30
nothing’s,1
notice,3
notifies,1
‘now,1
now,98
nowadays,1
nowhere,1
’noyance,1
number,3
numbers,2
numerous,1
nunnery,5
nutshell,1
nymph,1
o,110
o’,9
oath,2
oaths,1
obedience,2
obey,7
obeys,1
object,1
objects,1
obligation,2
oblivion,1
obscure,1
obsequies,1
obsequious,1
observance,2
observant,1
observation,1
observe,3
observers,1
obsolete,1
obstinate,1
obtain,3
obtaining,2
occasion,3
occasions,2
occulted,1
occur,1
occurrents,1
ocean,1
odd,2
odds,3
o’er,14
o’erbears,1
o’ercame,1
o’ercrows,1
o’erdoing,1
o’ergrowth,1
o’erhanging,1
o’erhasty,1
o’erhear,1
o’erleavens,1
o’ermaster’t,1
o’eroffices,1
o’erraught,1
o’errule,1
o’ersized,1
o’erstep,1
o’ersways,1
o’erteemed,1
o’erthrown,1
o’ertook,1
o’ertop,1
o’erweigh,1
o’erwhelm,1
of,794
off,21
offal,1
offence,7
offence’s,1
offences,1
offend,1
offended,3
offendendo,1
offends,1
offer,3
offer’d,1
offers,1
office,3
officer,2
officers,2
offices,1
official,3
oft,12
often,4
oh,3
old,22
olympus,1
omen,1
ominous,1
on,138
on—,2
once,19
‘one’,1
’one,1
one,45
one—,1
ones,2
onethe,1
one—to,1
online,3
only,8
on’t,8
on’t—frailty,1
op’d,1
ope,1
open,2
open’d,1
operant,1
ophelia,86
ophelia—,2
ophelia’s,1
opinion,1
opinions,2
opportunities,1
opportunity,1
oppos’d,1
opposing,1
opposite,1
opposites,1
opposition,2
oppress’d,1
oppression,1
oppressor’s,1
or,188
orb,1
orbed,1
orchard,2
order,3
orderly,1
ordinant,1
ordnance,3
ore,1
organ,3
organized,1
origin,2
original,1
originator,1
orisons,1
or—not,1
osric,33
ossa,1
ostentation—,1
other,28
others,7
otherwise,2
otherwise—,1
our,123
ours,2
ourself,3
ourselves,12
ourselves—to,1
out,57
outbreak,1
outdated,1
outface,1
outherods,1
outlive,1
outlives,1
outrageous,1
outside,3
outstretch’d,1
outward,3
over,4
overcome,1
overdone,2
overhappy,1
overlooked,1
overpeering,1
overthrown,1
owed,1
owl,1
own,38
owner,6
owns,2
pace,2
packet,1
packing,1
paddling,1
paddock,1
pagan,1
page,2
pages,1
pah,1
paid,7
pain,1
paint,1
painted,2
painting,1
paintings,1
pair,2
pale,8
pales,1
pall,1
palm,2
palmy,1
palpable,1
panders,1
pangs,1
pansies,1
paper,2
paperwork,1
paradox,1
paragon,1
paragraph,11
paragraphs,3
parching,1
parchment,1
pardon,6
pardon’d,2
pardon’t,1
paris,1
parle,1
parley,1
part,30
partial,1
particular,10
particularly,1
partisan,1
parts,4
party,2
pass,6
passage,2
passages,1
passes,1
passeth,1
passing,3
passion,11
passionate,2
passion’s,1
past,3
pastime,2
pastoral,1
pastoralcomical,1
pastors,1
pat,1
patch,2
patches—,1
pate,4
path,1
patience,5
patient,3
patiently,1
patrick,1
pause,4
pay,5
paying,2
payments,3
pays,1
peace,10
peaceparted,1
peak,1
peal,1
’pear,1
pearl,1
peasant,2
peating,1
pebbles,1
peculiar,1
peep,2
peevish,1
pelican,1
pelion,1
pendant,1
penetrable,1
people,4
perceiv’d,1
perceive,1
perchance,5
perdie,1
perdition,1
perfect,1
perfections,1
perform,2
performance,1
performances,1
perform’d,2
performed,1
performing,3
perfume,2
perhaps,5
perilous,1
periodic,1
periwigpated,1
permanent,2
permission,7
permitted,2
pernicious,1
perpend,1
persevere,1
person,8
personæ,1
personal,1
persons,1
persuade,1
perturbed,1
perusal,1
peruse,1
pester,1
pestilence,1
pestilent,2
petard,1
petition,1
petty,2
pg,1
pglaf,1
philosophy,2
phoebus’,1
phrase,14
physic,1
physical,2
pickaxe,1
picked,2
pickers,1
picture,2
pictures,1
piece,6
pigeonliver’d,1
pile,1
pinch,1
pin’s,1
pioner,1
pious,3
pipe,3
pirate,1
pit,3
piteous,3
pith,3
pitied,1
pitiful,1
pity,4
plac’d,2
place,10
placed,1
places,1
plague,2
plain,5
planets,1
plastering,1
platform,6
plausive,1
plautus,1
play,35
play—,1
play—and,1
play’d,2
played,1
player,20
players,20
players—as,1
play—i,1
playing,2
play’s,1
plays,1
pleasant,1
pleas’d,1
please,15
pleased,1
pleasing,1
pleasure,4
pleasures,2
pledge,1
plentiful,1
pleurisy,1
plot,1
plots,2
pluck,3
plucks,2
plumtree,1
plunge,1
ply,1
po,1
pocket,1
pocky,1
poem,1
poet,1
point,6
pointing,1
points,2
poison,6
poison’d,4
poisoner,2
poisoning,1
poisons,1
polack,4
polacks,1
poland,3
pole,2
policy,1
politic,1
politician,1
poll,1
polonius,120
polonius’,1
polonius’s,4
pomp,1
ponderous,1
poniards,1
pooh,1
poor,20
popp’d,1
porches,1
porcupine,1
portal,1
portentous,1
portraiture,1
positively,1
possess,1
possess’d,1
possessed,1
possession,2
posset,1
possibility,1
possible,4
post,1
posted,4
posthaste,1
postscript,1
posy,1
potency,1
potent,2
potently,1
potion,1
pound,1
pour,1
pour’d,1
pours,2
power,8
powerfully,1
powers,3
pox,1
practically,1
practice,4
practices,1
prais’d,1
praise,2
praised,1
praises,1
pranks,1
prate,1
pray,29
prayer,2
prayers,2
praying,1
pray’st,1
preaching,1
precedent,2
preceding,1
precepts,2
precious,2
precisely,1
precurse,1
pregnant,2
prenominate,1
preparation,1
preparations,1
prepar’d,1
prepare,5
prepared,1
presence,3
present,3
presently,5
presentment,1
preserve,1
pressure,1
pressures,1
prettiness,1
pretty,2
prevent,3
previous,1
prey,1
priam,4
priam’s,1
prick,1
prick’d,1
pride,1
priest,4
priests,1
primal,1
primrose,1
primy,1
prince,6
princes,1
principal,1
print,1
printed,2
prison,5
prisoner,2
prisonhouse,1
prithee,1
private,1
privates,1
privy,1
prize,1
probation,1
problem,1
proceed,2
proceeded,1
proceeding,1
process,3
processing,1
procession,1
proclaim,2
proclaim’d,1
proclaims,2
prodigal,2
produce,1
produced,1
production,1
profane,1
profanely,1
profession,1
professor,1
profit,4
profits,1
profound,2
profoundest,1
progress,1
prohibition,1
project,86
prologue,6
prolongs,1
prominently,2
promis’d,2
promise,1
promisecrammed,1
promontory,1
promoting,2
promotion,1
prompted,1
pronounc’d,1
pronounce,1
pronounced,1
pronouncing,1
proof,6
proofread,1
proper,2
property,6
prophesy,2
prophetic,1
proportions,1
propose,2
proposer,1
proprietary,1
props,1
prosperously,1
protect,2
protected,5
protestation,1
protests,1
proud,3
prov’d,3
prove,3
proverb,1
provide,8
provided,5
providence,2
providing,4
provincial,1
provision,1
provisions,1
provoke,1
prythee,2
public,4
puff’d,2
pull’d,1
pulse,1
punish,1
punish’d,1
punitive,1
puppets,1
purchases,1
pure,3
purer,1
purgation,1
purg’d,1
purging,2
purples,1
purport,1
purpos’d,2
purpose,14
purposes,3
purse,3
pursu’d,1
pursue,2
pursu’st,1
pursy,1
push—,1
put,24
puts,4
puzzles,1
pyrrhus,6
pyrrhus—,1
pyrrhus’,3
quaintly,1
quake,1
qualifies,1
quality,4
quantity,4
quarrel,2
quarrelling,1
quarry,1
quarter’d,1
queen,117
queen—,1
queen’,2
quest,1
question,16
questionable,1
quick,8
quickly,1
quickness,1
quicksilver,1
quiddits,1
quiet,5
quietly,1
quietus,1
quillets,1
quills,1
quintessence,1
quit,2
quite,4
quoted,1
quoth,1
rabble,1
rack,1
radiant,1
rage,3
rages,1
rags,1
rain,1
rain’d,1
rais’d,1
range,1
rank,7
ranker,2
rankly,1
rant,1
rapier,3
rapiers,3
rare,1
rareness,1
rascal,1
rash,3
rashly,1
rashness,1
rat,2
rat’,1
rate,2
rather,5
ratified,1
ratifiers,1
ravel,1
raven,1
raves,1
raw,1
rawer,1
razed,1
reach,1
reaches,1
reaching,1
read,8
readable,2
readiness,1
reading,3
reads,5
ready,4
really,1
realm,1
rear,1
reason,14
reasonable,1
reasons,2
rebellion,1
rebellious,2
rebels,1
rebuke,1
receipt,2
receiv’d,2
receive,10
received,6
receives,1
receiving,1
reckless,1
reckon,1
reckoning,1
recks,1
recognizances,1
reconcilement,1
recorders,3
records,1
recount,1
recover,3
recoveries,2
recovery,1
red,2
rede,1
redeliver,2
redistribute,1
redistributing,2
redistribution,2
reechy,1
reels,1
reenter,4
references,2
reform,1
reform’d,1
refrain,1
refund,10
regard,2
regards,1
region,2
registered,2
regulating,1
reigns,1
relative,1
relief,1
reliev’d,2
religion,1
religious,1
relish,2
remain,3
remainder,1
remaining,1
remains,3
remedies,1
remedy,1
remember,11
remember—,1
remember’d,1
remembrance,4
remembrances,1
remiss,1
remorse,1
remorseless,1
remote,2
remove,3
removed,3
renamed,1
rend,1
render,1
rendezvous,1
repair,2
repast,1
repel,1
repent,3
repentance,1
replace,1
replacement,5
replication,1
replies,1
reply,2
report,5
reported,1
reports,1
repose,1
representations,1
repugnant,1
repulsed—a,1
reputation,1
request,2
requiem,1
require,1
required,1
requirements,4
requite,2
research,2
resemble,1
resembles,1
reserv’d,1
reserve,1
residence,1
resolutes,1
resolution,1
resolve,1
resort,1
respeaking,1
respect,2
respects,1
responsive,1
rest,15
restore,1
restrain’d,1
restrictions,1
rests,1
retain,1
retire,1
retirement,1
retires,1
retiring,1
retrograde,1
return,8
return’d,4
returneth,1
returns,3
reuse,1
reveal,1
revel,1
revels,1
reveng’d,3
revenge,12
revengeful,1
revenue,2
reverend,1
reverted,1
revisit’st,1
revolution,1
rewards,2
reword,1
reynaldo,19
rhapsody,1
rhenish,2
rheum,1
rhymed,1
riband,1
rich,3
richer,2
right,15
rightly,1
rights,2
ring,2
riotous,1
ripe,1
rise,2
rises,3
rite,1
rites,3
rivals,1
river,1
rivet,1
roaming,1
roar,2
roars,1
roasted,1
robe,1
robin,1
robustious,1
rock,1
rogue,2
roman,2
rome,1
rome—,1
rood,1
roof,1
room,28
roscius,1
rose,4
rosemary,1
rosencrantz,78
roses,1
rot,1
rots,1
rotten,2
roughhew,1
roughly,2
round,6
rouse,3
row,1
royal,3
royally,1
royalties,2
royalty,3
rub,2
rude,2
rue,2
rugged,2
ruin,1
rul’d,3
rule,1
rules,2
rummage,1
run,2
runs,2
russet,1
rusty,1
s,1
sable,2
sables,2
sacred,1
sadly,1
sadness,1
safe,2
safely,2
safety,3
safety—,1
sage,1
said,15
sail,3
sailor,2
sailors,4
saint,3
salary,1
sale’—,1
sallets,1
salt,4
salvation,2
same,13
sanctified,1
sanctity,1
sanctuarize,1
sandal,1
sanity,1
sans,1
sat,2
sate,1
satirical,1
satisfaction,1
satisfied,1
satyr,1
savageness,1
save,5
saviour’s,1
savoury,1
saw,12
saws,1
saw’t,1
say,53
say—,1
saying,1
says,8
say’st,2
’sblood,2
scale,2
scandal,2
scann’d,1
scant,1
scanter,1
scape,2
scarce,2
scarcely,2
scarf’d,1
scattered,1
scattering,1
scene,44
scenes,1
scent,1
scholar,1
scholar’s,1
scholars,1
school,1
schoolfellows,1
sconce,1
scope,3
scopes,1
scorn,1
scorns,1
scourge,2
scratch’d,1
screen’d,1
scrimers,1
scripture,2
scruple,1
scuffling,1
scullion,1
se,1
sea,6
seafight,1
seagown,1
seal,3
seal’d,6
seals,1
search,2
seas,1
season,6
season’d,1
seasons,1
seat,2
seated,1
second,25
secrecy,3
secret,4
secrets,1
section,7
sections,1
secure,3
seduce—won,1
see,48
seed,1
seeing,4
seek,9
seeks,2
seem,10
seem’d,2
seeming,3
seemingvirtuous,1
seems,7
seen,22
sees,1
see’st,1
see’t,1
seiz’d,1
select,1
self,1
selfslaughter,1
semblable,1
send,5
sending,3
sends,4
seneca,1
sense,13
senseless,2
sensible,1
sensibly,1
sent,14
sentence,2
sentinels,1
sepulchre,1
sequel,1
sequent,1
sere,1
sergeant,1
serious,1
serpent,2
servant,5
servants,2
serv’d,2
serve,2
serves,2
service,8
service—two,1
set,30
sets,2
settled,2
seven,1
several,2
sewing,1
sexton,1
sexton’s,1
shadow,3
shadow’s,1
shadows,1
shake,2
shakespeare,2
shaking,1
shall,116
shalt,5
shame,8
shameful,1
shape,6
shapes,2
shards,1
share,2
shared,1
sharing,1
shark’d,1
sharp,1
shatter,1
she,47
she—,1
sheen,1
sheep,1
sheepskins,1
sheeted,1
sheets,1
shelf,1
she’ll,2
shell,1
shent,1
shepherds,1
she’s,2
shift,1
shine,1
ship,2
shipp’d,1
shipwright,2
shipwrights,1
shirt,1
shocks,1
shoe,1
shoes,2
shook,1
shoon,1
shoot,1
short,5
shortens,1
shortly,4
shot,8
‘should’,1
should,57
shoulder,3
shouldst,2
shove,1
shovel,1
show,23
show’d,1
showers,1
showing,1
shown,1
shows,9
shreds,1
shrewdly,1
shrillsounding,1
shrivingtime,1
shroud,1
shroudingsheet,1
shrunk,1
shuffled,1
shuffling,2
shut,1
sick,4
sicklied,1
sickly,2
sickness,2
side,2
sides,3
siege,1
sift,1
sigh,4
sighs,1
sight,9
signet,1
signify,2
silence,5
silver’d,1
simple,1
simples,1
sin,2
since,18
sinews,2
sing,5
singeing,1
singeth,1
single,2
sings,14
sinners,1
sin’s,1
sins,1
sipping,1
sir,72
sir—,2
sir’,1
sirs,2
sister,6
sister’s,1
sit,8
site,4
sith,2
sits,4
sitting,1
six,4
sixteen,1
siz’d,1
skill,3
skin,1
skirts,1
skull,10
skyish,1
slain,6
slander,2
slanders,1
slaughter,1
slaughters,1
slave,5
slave’s,1
slay,1
sledded,1
sleep,12
sleeper’s,1
sleeping,4
sleeps,4
slender,1
slight,1
slightly,2
slings,1
slips,1
sliver,1
slow,3
small,3
smart,1
smear’d,1
smelling,1
smells,1
smelt,1
smile,2
smiles,1
smiling,3
smooth,2
smoothness,1
smote,1
snatches,1
snow,4
snuff,1
so,193
so’,4
soaks,1
so—as,1
sober,1
society,1
soe’er,1
soft,9
softly,1
soil,2
soil’d,1
sold,1
soldier,3
soldier’s,1
soldiers,5
soldiers’,1
sole,1
solemn,3
soles,1
solicit,2
solicitation,1
solicited,1
solicitings,1
solid,1
solidity,1
some,55
something,15
sometime,3
sometimes,3
somever,1
son,20
son—,1
song,1
songs,2
son’s,1
sons,1
sooner,2
soon—good,1
sore,3
sorrow,6
sorrows,1
sorry,3
sorry—,1
sort,3
sorts,1
soul,34
soul’s,1
souls,5
sound,7
sounded,1
source,2
southerly,1
sovereign,3
sovereignty,1
space,1
spacious,1
spade,4
spades,1
spake,1
spark,1
sparrow,1
speak,62
speak’,1
speaks,6
special,4
specific,1
specified,2
spectators,1
speech,16
speeches,1
speechless,1
speed,3
speedier,1
speedy,1
spend,1
spendthrift,1
spent,1
sphere,1
spheres,1
spies,1
spills,1
spilt,1
spirit,14
spirits,5
spite,1
splenative,1
split,1
spoke,2
spoken,2
spokes,2
sponge,2
sponge—what,1
sport,3
spots,1
spread,3
spring,3
springe,1
springes,1
springs,1
sprinkle,1
sprung,1
spur,1
spurns,2
squeak,1
squeezing,1
stabs,1
staff,2
stage,4
stages—so,1
stain’d,1
stairs,1
stake,1
stale,1
stalk,1
stalks,1
stamp,2
stand,16
standing,1
stands,4
star,5
star—,1
stars,4
start,6
started,1
state,21
stately,1
statements,1
states,18
station,2
statists,1
status,4
statutes,1
stay,11
stay’d,3
stays,1
steal,1
stealers,1
stealing,1
steals,1
steel,3
steep,1
steep’d,1
step,2
steps,1
sterile,1
sterling,1
stern,1
steward,1
stew’d,1
stick,3
sticks,1
stiffly,1
still,20
sting,2
stir,5
stirr’d,1
stirring,1
stithy,1
stock,1
stockings,1
stole,3
stomach,1
stone,2
stones,1
stonish,1
stood,6
stooping,1
stoops,1
stop,4
stopping,1
stops,2
stored,1
storm,1
story,3
stoup,1
stoups,1
stowed,1
straight,4
strange,9
strangely,2
stranger,1
straw,2
straws,2
stream,1
streets,2
strength,2
strengthen,1
strew,1
strew’d,1
strewments,1
strict,3
strife,1
strike,2
strikes,1
striking,1
strings,1
strokes,1
strong,4
stronger,4
strongest,1
struck,6
strucken,1
struggling,1
strumpet,2
strutted,1
stubborn,1
stubbornness,1
stuck,1
study,1
stuff,3
stung,1
sty,1
subject,4
subscrib’d,1
subscribe,1
substance,2
succession,2
successive,1
such,61
suchaone,1
suchaone’s,1
suchlike,1
suck’d,2
sudden,5
suddenly,1
suffer,3
suffered,1
suffering,1
suffers,3
sugar,1
suit,3
suiting,1
suits,3
sullies,1
sulph’rous,1
sultry,1
sultry—as,1
sum,2
summit,2
summons,1
sun,8
sunday,1
sundays,1
superfluous,1
supervise,1
supper,2
suppliance,1
supply,1
support,4
supposal,1
suppress,2
sure,9
surely,1
surmise,1
surrender,1
survive,1
survivor,1
suspiration,1
sustain,1
swaddling,1
swaggering,1
swallowed,1
swamp,1
swear,9
swearing,2
swear’t,1
sweat,2
sweaty,1
sweep,2
sweepstake,1
sweet,26
sweets,1
swift,2
swinish,1
switzers,1
swoons,1
sword,16
swords,1
swore,1
sworn,2
sworn’t,1
’swounds,2
synod,1
synonymous,1
’t,2
table,5
tablebook,1
tables,2
ta’en,3
taint,1
taints,1
take,35
taken,2
takes,11
tale,4
talk,2
talk’d,2
tame,3
tann’d,1
tanner,1
tardy,2
target,1
tarre,1
task,1
t’assume,1
taste,1
tatters,1
tax,7
tax’d,1
taxes,1
teach,5
tear,2
tear—,1
tears,7
tears—why,1
tedious,2
tediousness,1
teeth,2
tell,42
tells,1
tellus’,1
temperance,1
temperately,1
temper’d,1
tempest,1
temple,1
tempt,3
ten,4
tenable,1
tenantless,1
tenants,1
tend,4
tender,4
tenders,3
tennis’,1
tent,1
tenures,1
term,2
termagant,1
terms,25
test,1
tether,1
tetter,1
t’expel,1
t’express,1
texts,1
th’,17
th’ability,1
th’affair,1
th’affliction,1
th’air,1
th’alarm,1
th’ambassador,1
th’ambassadors,2
th’ambitious,1
than,53
thank,9
thanks,10
th’arithmetic,1
th’art,1
th’assay,1
th’associates,1
that,402
that—prythee,1
that’s,16
t’have,1
thaw,1
‘the,1
the,1292
th’earth,4
theatre,1
thee,58
th’effect,1
theft,1
their,57
th’election,2
them,75
theme,3
themselves,5
them—that,1
then,63
thence,4
‘there,1
there,78
thereabout,1
therefore,15
therein,1
thereof,1
thereon,1
there’s,18
thereto,1
thereunto,1
these,52
th’event—,1
thews,1
th’expectancy,1
th’exterior,1
th’extravagant,1
they,105
they’ll,1
th’garden,1
thick,3
thicker,1
thieves,1
th’imperial,1
th’imposthume,1
th’impression,1
thin,1
th’incestuous,1
thine,14
thing,17
thing—,1
thing’s,1
things,13
think,46
thinking,4
think—or,1
thinks’t,1
think’t,1
third,3
thirties,1
thirty,3
‘this,1
this,342
this—,2
thither,3
th’observ’d,1
th’offence,2
th’offender’s,1
th’opposed,1
thorns,1
thorny,1
those,22
th’other,1
thou,102
thou—,1
thou’,1
though,24
thought,11
thoughts,17
thoughtsick,1
thou’lt,2
thousand,11
thrall’d,1
threaten,1
threat’ning,1
threats,1
three,8
threeandtwenty,1
thrice,4
thrift,4
throat,4
throne,2
through,11
throughly,1
throughout,1
throw,5
throwing,1
thrown,2
throws,3
th’ulcer,1
thumb,1
thunder,2
thunders,1
th’understanding,1
th’university,1
th’unnerved,1
‘thus,1
thus,40
thus—you’ll,1
thy,86
thyself,4
thyself—,1
tickle,1
till,20
t’illume,1
timber’d,1
time,43
time—as,1
times,8
tinct,1
‘’tis,1
’tis,73
tithe,1
to,817
today,2
toe,2
together,12
toil,1
toils,1
tokens,1
told,5
tomb,1
tomorrow,4
tongue,15
tongues,3
tonight,11
too,51
took,4
top,7
topp’d,1
tormenting,1
torrent,1
to’t,8
total,1
t’other,1
touch,6
touch’d,1
touches,1
touching,3
toward,6
towncrier,1
tow’ring,1
toy,2
toys,1
trace,2
trade,2
trademark,11
trademarkcopyright,1
traduc’d,1
tragedians,1
tragedy,3
tragicalcomicalhistoricalpastoral,1
tragicalhistorical,1
trail,2
trains,2
traitorous,1
transcribe,1
transcription,1
transform,1
transformation,1
translate,2
transports,1
trappings,1
travel,2
traveller,1
treacherous,2
treachery,2
tread,1
treads,1
treason,5
treasure,4
treatment,1
treble,2
tree,1
tremble,2
trespass,1
trial,3
tributary,1
tribute,2
trick,3
trick’d,1
tricks,3
tried,1
trifle,1
trifling,1
trip,1
trippingly,1
tristful,1
triumph,1
trivial,1
trophies,1
trophy,1
tropically,1
trouble,2
troubles,2
truant,2
true,23
truelove,1
truepenny,1
truly,8
trumpet,5
trumpets,4
truncheon’s,1
trust,2
truster,1
truth,6
try,6
tumbled,1
tune,2
tunes,1
turbulent,1
turf,1
turk,1
turn,7
turn’d,4
turneth,1
turns,1
turn’st,1
tush,2
tutor,1
twain,2
’twas,5
tweaks,1
’tween,1
twelve,5
twentieth,1
twenty,3
’twere,11
’twere—i,1
twice,4
’twill,3
’twixt,2
two,22
twofold,1
’twould,1
txt,1
types,1
tyrannically,1
tyrannous,1
tyrant,1
ubique,1
ugly,1
ulcerous,1
umbrage,1
unanel’d,1
unbated,2
unbrac’d,1
uncharge,1
uncle,10
unclefather,1
uncle’s,1
unction,2
uncurrent,1
under,10
undergo,1
understand,8
understanding,2
undertake,2
undertakings,1
undiscover’d,1
undo,1
uneffectual,1
unenforceability,1
unequal,1
unfellowed,1
unfledg’d,1
unfold,3
unforc’d,1
unfortified,1
ungalled,1
ungart’red,1
ungor’d,1
ungracious,1
unhand,1
unhappily,1
unholy,1
unhous’led,1
uniform,1
unimproved,1
union,2
unite,1
united,13
unkennel,1
unkind,1
unknowing,1
unknown,2
unless,7
unlimited,1
unlink,1
unmanly,1
unmannerly,1
unmask,1
unmaster’d,1
unmatch’d,1
unmix’d,1
unnatural,4
unpack,1
unpeg,1
unpolluted,1
unpregnant,1
unprevailing,1
unprofitable,1
unproportion’d,1
unprotected,1
unreclaimed,1
unrighteous,1
unripe,1
unsanctified,1
unsatisfied,1
unschool’d,1
unseal,1
unseen,3
unshaken,1
unshaped,1
unsifted,1
unsinew’d,1
unskilful,1
unsmirched,1
unsolicited,1
unsure,1
until,1
untimely,1
unto,8
unus’d,1
unvalu’d,1
unwatch’d,1
unweeded,1
unwholesome,1
unwilling,1
unworthiest,1
unworthy,2
unwrung,1
unyoke,1
up,39
up—,1
updated,1
uphoarded,1
upon,56
upon—,1
upon’t,1
upon’t—,1
upshot,1
upspring,1
us,77
us’d,1
use,26
used,4
user,3
uses,3
using,5
us—thou,1
usual,1
usurp,1
usurp’st,1
ut,1
utter,1
utterance,1
utter’d,1
v,6
vacancy,1
vailed,1
vain,1
valanc’d,1
valentine,1
valentine’s,1
valiant,2
validity,1
valour,1
vanilla,2
vanish’d,1
vanquisher,1
vantage,2
vapours,1
variable,2
variety,1
various,1
varnish,1
vengeance,2
venom,2
venom’d,1
ventages,1
verity,1
verse,1
version,1
very,66
very—pajock,1
vi,2
vial,1
vice,3
vicious,1
videlicet,1
vienna,1
view,2
viewed,1
viewing,1
vigour,1
vii,2
vile,6
villain,11
villanies—,1
villanous,1
villany,1
violates,1
violence,4
violent,4
violet,1
violets,2
virgin,1
virtue,13
virtues,2
virus,1
visage,5
vision,1
visit,7
visitation,3
voice,12
void,1
volley,1
voltemand,9
volume,1
volunteer,1
volunteers,6
vouch,1
vouchers,2
vouchsafe,3
vow,2
vows,6
voyage,2
vulcan’s,1
vulgar,2
wag,2
wager,6
wager’d,1
wail,1
waist,1
wait,2
waits,1
wake,1
walk,9
walk’d,1
walks,3
wall,1
wan’d,1
wand’ring,1
want,2
wanton,3
wantonness,1
wants,2
war,2
wards,1
warlike,5
warms,1
warning,1
warrant,5
warranties,4
warranty,2
wars,2
wart,1
wary,2
was,85
was—as,1
wash,2
wassail,1
was’t,3
waste,2
watch,16
watchman,1
water,6
waterfly,1
waves,3
waving,1
wax,2
waxes,2
way,13
ways,4
‘we,1
we,147
weak,2
weaker,1
weakest,1
weakness,2
weal,1
wealth,1
weapon,2
weapons,1
wear,4
wearing,1
wears,2
weary,2
weasel,2
web,5
wed,3
wedding,1
weed,1
weeds,4
weedy,1
week,1
weep,4
weeping,1
weeps,1
weigh,2
weigh’d,2
weighing,1
weight,1
welcome,16
welcome—his,1
‘well,1
we’ll,13
well,74
well’,1
welltook,1
went,5
were,27
west,2
westward,1
whale,2
wharf,1
what,204
what’s,12
whatsoever,2
wheaten,1
wheel,3
when,56
whence,1
whenever,1
whensoever,1
where,59
whereat,1
wherefore,3
wherein,8
whereof,2
whereon,5
where’s,2
whereto,4
whet,1
whether,6
which,70
which—,1
whiff,1
while,14
whilst,6
whine,1
whipped,1
whipping,1
whips,2
whirling,1
whirlwind,1
whisper,2
whispers,1
whit,1
white,4
whither,1
who,46
whole,7
wholesome,7
whom,7
whor’d,1
whore,1
whoreson,2
who’s,1
whose,31
why,60
why—,1
wi’,4
wick,1
wicked,6
wide,5
widest,2
widow,1
wife,9
wild,4
wildly,2
wildness,1
wilfully,1
will,176
william,2
willing,2
willingly,2
willow,1
wills,1
will’t,1
will—tell,1
wilt,8
win,3
wince,1
wind,11
windlasses,1
window,1
winds,3
windy,1
wine,1
wing,1
wings,2
winking,1
winks,1
winner,1
winnowed,1
winter’s,1
wipe,2
wisdom,6
wisdoms,1
wise,2
wisely,2
wiseness,1
wisest,3
wish,4
wish’d,1
wishes,1
wit,5
witch,1
witchcraft,2
witching,1
with,315
withal,6
withdraw,3
withdrew,1
wither’d,1
withers,1
within,31
within’s,1
without,28
witness,2
wit’s,1
wits,4
wittenberg,4
wittingly,2
woe,8
woman,7
woman’s,1
womb,1
women’s,1
wonder,3
wonderful,2
wonderwounded,1
wondrous,3
wont,3
wonted,2
woo,1
wood,1
woodcock,1
woodcocks,1
woos,1
word,12
word—,1
words,20
wore,1
work,55
working,2
works,33
world,25
world’s,2
worlds,1
worm,3
worm’s,1
worms,1
wormwood,2
worn,1
worse,3
worser,1
worst,1
worth,3
worthy,1
wot,1
‘would’,1
would,79
would’,1
wouldst,6
woul’t,5
wounded,1
woundless,1
wounds,2
wrap,1
wrath,1
wreck,1
wretch,3
wretched,4
wring,1
wringing,1
wrinkled,1
wrist,1
writ,5
write,1
writers,1
writing,4
written,4
wrong,6
wrong’d,2
wrote,2
wrung,1
wwwgutenbergorg,4
wwwgutenbergorgcontact,1
wwwgutenbergorgdonate,2
wwwgutenbergorglicense,1
yard,1
yaughan,1
yaw,1
yawn,1
ye,4
yea,4
year,5
years,4
yeasty,1
yeoman’s,1
yes,5
yesterday,1
yesternight,1
yet,42
yield,2
yielding,1
yon,1
yond,1
yonder,2
yorick,1
yorick’s,1
you,620
you—,2
you—good,1
you’ll,3
youll,1
young,17
younger,1
your,251
you’re,1
yours,6
yourself,14
yourselves,1
youth,16
zip,1
zone,1
